topic,question,A,B,C,D,correct
Cybersecurity,Which are examples of malware?,Trojan,Worm,Firewall,Spyware,"A,B,D"
Cybersecurity,Which are strong password practices?,Include numbers,Use dictionary words,Use symbols,Short length,"A,C"
Cybersecurity,Which protocols provide secure communication?,HTTPS,FTP,SSH,Telnet,"A,C"
Cybersecurity,Which are multi-factor authentication methods?,Password,OTP,Fingerprint,Username,"B,C"
Cybersecurity,Which are common cyber attacks?,Phishing,SQL Injection,DDoS,Encryption,"A,B,C"
Cybersecurity,Which tools are used for penetration testing?,Wireshark,Nmap,Burp Suite,Excel,"A,B,C"
Cybersecurity,Which methods can protect data?,Encryption,Backup,Deleting files,Firewall,"A,B,D"
Cybersecurity,Which are examples of social engineering?,Phishing,Vishing,Brute Force,Shoulder Surfing,"A,B,D"
Digital Electronics,Which are logic gates?,AND,OR,IF,NOT,"A,B,D"
Digital Electronics,Which are binary numbers?,1010,1111,ABCD,1001,"A,B,D"
Digital Electronics,Which components store energy?,Resistor,Inductor,Capacitor,Diode,"B,C"
Digital Electronics,Which are universal gates?,NAND,NOR,AND,OR,"A,B"
Digital Electronics,Which are combinational circuits?,Adder,Multiplexer,Flip-Flop,Decoder,"A,B,D"
Linux Administration,Which commands are used to view files?,cat,less,rm,head,"A,B,D"
Linux Administration,Which are package managers?,apt,yum,pkg,netstat,"A,B,C"
Linux Administration,Which are text editors in Linux?,vim,nano,notepad,emacs,"A,B,D"
Linux Administration,Which are valid Linux directories?,/home,/usr,/windows,/etc,"A,B,D"
Networking,Which are network devices?,Router,Switch,Repeater,Compiler,"A,B,C"
Networking,Which are types of IP addresses?,Private,Public,Loopback,Dynamic,"A,B,C,D"
Networking,Which layers are in the OSI model?,Network,Transport,Session,Process,"A,B,C"
Networking,Which are routing protocols?,OSPF,BGP,RIP,FTP,"A,B,C"
Networking,Which are wireless standards?,802.11a,802.11b,802.3,802.11g,"A,B,D"
Networking,Which are examples of cables?,Coaxial,Fiber optic,HDMI,Twisted pair,"A,B,D"
Robotics,Which are robot sensors?,Ultrasonic,Infrared,Servo,Temperature,"A,B,D"
Robotics,Which are robot actuators?,Servo,Motor,Sensor,Valve,"A,B,D"
Robotics,Which are programming languages used in robotics?,Python,C++,HTML,Java,"A,B,D"
Robotics,Which are robot components?,Controller,Actuator,Display,Sensor,"A,B,D"
Android Apps Development (IoT),Which are IoT communication protocols?,MQTT,HTTP,Bluetooth,Zigbee,"A,B,D"
Android Apps Development (IoT),Which are IoT devices?,Raspberry Pi,Arduino,Mouse,ESP8266,"A,B,D"
Android Apps Development (Productivity),Which languages are used for Android development?,Java,Kotlin,Python,Swift,"A,B"
Android Apps Development (Game Development),Which game engines can export to Android?,Unity,Godot,Unreal,Notepad,"A,B,C"
Database,Which are SQL statements?,SELECT,INSERT,DELETE,SEARCH,"A,B,C"
Database,Which are aggregate functions?,SUM,AVG,COUNT,LEN,"A,B,C"
Database,Which are NoSQL databases?,MongoDB,MySQL,Redis,Cassandra,"A,C,D"
Database,Which are types of database keys?,Primary,Foreign,Composite,Symbol,"A,B,C"
Java,Which are Java data types?,int,String,float,number,"A,B,C"
Java,Which are OOP principles?,Encapsulation,Inheritance,Polymorphism,Iteration,"A,B,C"
Java,Which are access modifiers in Java?,public,private,protected,secure,"A,B,C"
Java,Which are valid loops in Java?,for,while,until,do-while,"A,B,D"
C#,Which are C# data types?,int,float,boolean,word,"A,B,C"
C#,Which are control structures?,if,switch,for,case,"A,B,C"
C#,Which are access modifiers?,public,private,protected,secure,"A,B,C"
Python,Which are Python data types?,list,tuple,dictionary,field,"A,B,C"
Python,Which are Python keywords?,def,for,lambda,function,"A,B,C"
Python,Which are Python libraries?,NumPy,Pandas,Requests,Windows,"A,B,C"
Python,Which are loop types?,for,while,repeat,do,"A,B"
Web Design,Which are HTML tags?,<p>,<a>,<body>,<link>,"A,B,C,D"
Web Design,Which are CSS properties?,color,margin,padding,divide,"A,B,C"
Web Design,Which are web languages?,HTML,CSS,JavaScript,C++,"A,B,C"
Networking,Which devices are used to connect networks?,Router,Switch,Modem,Projector,"A,B,C"
Cybersecurity,Which are common types of malware?,Virus,Worm,Trojan,Firewall,"A,B,C"
Databases,Which commands are used to retrieve data?,SELECT,SHOW,PRINT,DISPLAY,"A,B"
Hardware,Which are computer output devices?,Monitor,Printer,Speaker,Microphone,"A,B,C"
Software,Which are examples of application software?,Word,Excel,Photoshop,BIOS,"A,B,C"
AI,Which are types of machine learning?,Supervised,Unsupervised,Reinforcement,Procedural,"A,B,C"
Networking,Which are valid IP protocols?,TCP,UDP,ICMP,HDMI,"A,B,C"
Cybersecurity,Which help strengthen account security?,Strong passwords,2FA,Firewalls,Short passwords,"A,B,C"
Hardware,Which of these store data permanently?,SSD,HDD,Flash Drive,RAM,"A,B,C"
Databases,Which are types of SQL joins?,INNER,LEFT,RIGHT,CROSS,"A,B,C,D"
Software,Which are operating systems?,Windows,macOS,Linux,Google Docs,"A,B,C"
AI,Which are real-world AI applications?,Chatbots,Image Recognition,Speech-to-Text,File Compression,"A,B,C"
Programming,Which are conditional statements?,if,else,switch,define,"A,B,C"
Networking,Which are types of cables?,Twisted Pair,Coaxial,Fiber Optic,HDMI,"A,B,C"
Cybersecurity,Which are examples of social engineering?,Phishing,Pretexting,Baiting,Encryption,"A,B,C"
Hardware,Which are computer input devices?,Keyboard,Mouse,Scanner,Speaker,"A,B,C"
Software,Which are examples of browsers?,Chrome,Firefox,Edge,Paint,"A,B,C"
AI,Which are Python libraries for AI?,TensorFlow,PyTorch,Scikit-learn,Numpy,"A,B,C,D"
Programming,Which of these are loop structures?,for,while,do-while,include,"A,B,C"
Networking,Which are wireless technologies?,Wi-Fi,Bluetooth,NFC,VGA,"A,B,C"
Cybersecurity,Which protect network traffic?,VPN,Firewall,Proxy,Word Processor,"A,B,C"
Hardware,Which components are inside a CPU?,ALU,CU,Registers,RAM,"A,B,C"
Databases,Which are SQL aggregate functions?,SUM,AVG,COUNT,CHAR,"A,B,C"
Software,Which of these are IDEs?,VS Code,PyCharm,Eclipse,Spotify,"A,B,C"
AI,Which are popular programming languages for AI?,Python,R,Java,C++,"A,B,C,D"
Programming,Which of the following are arithmetic operators?,+,-,*,if,"A,B,C"
Networking,Which are valid network topologies?,Star,Bus,Ring,Flat,"A,B,C"
Cybersecurity,Which are types of hackers?,Black Hat,White Hat,Gray Hat,Script Hat,"A,B,C"
Hardware,Which are examples of computer memory?,RAM,ROM,Cache,Hard Disk,"A,B,C,D"
Software,Which are examples of system software?,Operating System,Driver,Utility,Spreadsheet,"A,B,C"
AI,Which are areas of artificial intelligence?,Machine Learning,NLP,Computer Vision,Cloud Storage,"A,B,C"
Programming,Which of these define a function in Python?,def,lambda,class,while,"A,B"
Networking,Which are valid port numbers?,21,80,443,8080,"A,B,C,D"
Cybersecurity,Which of these use encryption?,VPN,HTTPS,SSH,Telnet,"A,B,C"
Hardware,Which are removable storage devices?,USB Drive,SD Card,External HDD,CPU,"A,B,C"
Databases,Which are relational database systems?,MySQL,Oracle,PostgreSQL,JSON,"A,B,C"
Software,Which are examples of cloud platforms?,AWS,Azure,Google Cloud,Excel,"A,B,C"
AI,Which are AI capabilities?,Learning,Reasoning,Perception,Printing,"A,B,C"
Programming,Which are valid variable names in Python?,age,_count,2name,totalValue,"A,B,D"
Networking,Which are examples of network security protocols?,SSL,TLS,IPsec,SMTP,"A,B,C"
Cybersecurity,Which are examples of phishing attempts?,Fake email links,Impersonation,Pop-up ads,Strong passwords,"A,B,C"
Hardware,Which are parts of the motherboard?,CPU Socket,RAM Slots,Power Connectors,Monitor,"A,B,C"
Databases,Which are non-relational databases?,MongoDB,Cassandra,Redis,SQLite,"A,B,C"
Software,Which are examples of productivity tools?,Word,Excel,PowerPoint,Notepad++,"A,B,C"
AI,Which are neural network components?,Input Layer,Hidden Layer,Output Layer,Secondary Memory,"A,B,C"
Programming,Which of these are object-oriented concepts?,Encapsulation,Inheritance,Polymorphism,Iteration,"A,B,C"
Networking,Which are connectionless protocols?,UDP,ICMP,HTTP,TCP,"A,B"
Cybersecurity,Which are examples of malware?,Trojan,Worm,Firewall,Spyware,"A,B,D"
Cybersecurity,What authentication methods use multiple verification steps?,Two-factor authentication,Multi-factor authentication,Single sign-on,Biometric login,"A,B,D"
Cybersecurity,Which protocols provide secure communication?,HTTPS,SSL/TLS,HTTP,FTP,"A,B"
Cybersecurity,What are types of cyber attacks?,Phishing,DDoS,Encryption,SQL Injection,"A,B,D"
Cybersecurity,Which are encryption algorithms?,AES,RSA,DES,HTTP,"A,B,C"
Cybersecurity,What are components of the CIA triad?,Confidentiality,Integrity,Availability,Authorization,"A,B,C"
Cybersecurity,Which tools are used for penetration testing?,Metasploit,Nmap,Wireshark,Microsoft Word,"A,B,C"
Cybersecurity,What are types of firewalls?,Packet filtering,Stateful inspection,Application layer,Database,"A,B,C"
Cybersecurity,Which are social engineering attacks?,Pretexting,Baiting,Tailgating,Patching,"A,B,C"
Cybersecurity,What are secure password practices?,Using complex passwords,Changing passwords regularly,Using password managers,Sharing passwords,"A,B,C"
Cybersecurity,Which are network security devices?,Firewall,IDS,IPS,Printer,"A,B,C"
Cybersecurity,What are types of malware?,Virus,Ransomware,Trojan,Antivirus,"A,B,C"
Cybersecurity,Which protocols use encryption by default?,HTTPS,SFTP,SSH,Telnet,"A,B,C"
Cybersecurity,What are VPN protocols?,OpenVPN,IPSec,L2TP,FTP,"A,B,C"
Cybersecurity,Which are digital forensics tools?,EnCase,FTK,Autopsy,Notepad,"A,B,C"
Cybersecurity,What are access control models?,DAC,MAC,RBAC,HTML,"A,B,C"
Cybersecurity,Which are hash functions?,MD5,SHA-256,SHA-1,AES,"A,B,C"
Cybersecurity,What are security certifications?,CISSP,CEH,CompTIA Security+,MCSE,"A,B,C"
Cybersecurity,Which are intrusion detection methods?,Signature-based,Anomaly-based,Heuristic,Alphabetical,"A,B,C"
Cybersecurity,What are vulnerability scanning tools?,Nessus,OpenVAS,Qualys,Chrome,"A,B,C"
Cybersecurity,Which are wireless security protocols?,WPA2,WPA3,WEP,HTTP,"A,B"
Cybersecurity,What are backup strategies?,Full backup,Incremental backup,Differential backup,No backup,"A,B,C"
Cybersecurity,Which are security frameworks?,NIST,ISO 27001,CIS Controls,HTML5,"A,B,C"
Cybersecurity,What are incident response phases?,Preparation,Detection,Containment,Ignorance,"A,B,C"
Cybersecurity,Which are authentication factors?,Knowledge factor,Possession factor,Inherence factor,Location factor,"A,B,C,D"
Cybersecurity,What are cryptographic methods?,Symmetric encryption,Asymmetric encryption,Hashing,Printing,"A,B,C"
Cybersecurity,Which are email security measures?,SPF,DKIM,DMARC,SMTP,"A,B,C"
Cybersecurity,What are cloud security concerns?,Data breaches,Insecure APIs,Account hijacking,Faster speeds,"A,B,C"
Cybersecurity,Which are web application vulnerabilities?,XSS,CSRF,SQL Injection,HTTPS,"A,B,C"
Cybersecurity,What are denial of service attack types?,UDP flood,SYN flood,HTTP flood,Encryption,"A,B,C"
Cybersecurity,Which are security information sources?,CVE database,NVD,Security blogs,Gaming forums,"A,B,C"
Cybersecurity,What are mobile security threats?,Malicious apps,Unsecured WiFi,Device theft,Updates,"A,B,C"
Cybersecurity,Which are endpoint security solutions?,Antivirus,EDR,Host-based firewall,Mouse,"A,B,C"
Cybersecurity,What are data loss prevention methods?,Encryption,Access controls,Data classification,Deletion,"A,B,C"
Cybersecurity,Which are physical security measures?,Locks,Security cameras,Biometric access,Passwords only,"A,B,C"
Cybersecurity,What are secure coding practices?,Input validation,Output encoding,Error handling,Ignoring errors,"A,B,C"
Cybersecurity,Which are network segmentation techniques?,VLANs,Subnetting,DMZ,Broadcasting,"A,B,C"
Cybersecurity,What are security monitoring tools?,SIEM,Log analyzers,Network monitors,Calculator,"A,B,C"
Cybersecurity,Which are identity management solutions?,Single Sign-On,LDAP,Active Directory,FTP,"A,B,C"
Cybersecurity,What are compliance standards?,GDPR,HIPAA,PCI DSS,HTML,"A,B,C"
Cybersecurity,Which are security testing methods?,Penetration testing,Vulnerability assessment,Security audit,Random guessing,"A,B,C"
Cybersecurity,What are ransomware prevention measures?,Regular backups,Security awareness training,Updated software,Opening all emails,"A,B,C"
Cybersecurity,Which are browser security features?,HTTPS enforcement,Pop-up blocking,Sandboxing,Auto-download,"A,B,C"
Cybersecurity,What are secure file transfer protocols?,SFTP,FTPS,SCP,FTP,"A,B,C"
Cybersecurity,Which are biometric authentication types?,Fingerprint,Facial recognition,Iris scan,Password,"A,B,C"
Cybersecurity,What are security policy components?,Acceptable use policy,Password policy,Access control policy,No policy,"A,B,C"
Cybersecurity,Which are threat intelligence sources?,Threat feeds,Dark web monitoring,Security advisories,Social media gossip,"A,B,C"
Cybersecurity,What are secure disposal methods?,Data wiping,Physical destruction,Degaussing,Recycling as-is,"A,B,C"
Cybersecurity,Which are certificate authorities?,DigiCert,Let's Encrypt,VeriSign,Facebook,"A,B,C"
Cybersecurity,What are zero-day vulnerabilities characteristics?,Unknown to vendor,No patch available,Actively exploited,Fully patched,"A,B,C"
Digital Electronics,Which gates produce HIGH output only when all inputs are HIGH?,AND gate,NAND gate,OR gate,NOR gate,A
Digital Electronics,What are types of flip-flops?,SR flip-flop,JK flip-flop,D flip-flop,XOR flip-flop,"A,B,C"
Digital Electronics,Which number systems are commonly used in digital electronics?,Binary,Octal,Hexadecimal,Decimal,"A,B,C,D"
Digital Electronics,What are basic logic gates?,AND,OR,NOT,MAYBE,"A,B,C"
Digital Electronics,Which are universal gates?,NAND,NOR,AND,OR,"A,B"
Digital Electronics,What are types of combinational circuits?,Multiplexer,Demultiplexer,Encoder,Flip-flop,"A,B,C"
Digital Electronics,Which are sequential circuits?,Counters,Registers,Flip-flops,Decoder,"A,B,C"
Digital Electronics,What are types of counters?,Up counter,Down counter,Ring counter,OR gate,"A,B,C"
Digital Electronics,Which are memory types?,RAM,ROM,EPROM,Resistor,"A,B,C"
Digital Electronics,What are characteristics of CMOS?,Low power consumption,High noise immunity,High integration,High power consumption,"A,B,C"
Digital Electronics,Which are Boolean algebra laws?,Commutative law,Associative law,Distributive law,Random law,"A,B,C"
Digital Electronics,What are Karnaugh map uses?,Circuit simplification,Logic minimization,Cost reduction,Color coding,"A,B,C"
Digital Electronics,Which are multiplexer types?,2:1 MUX,4:1 MUX,8:1 MUX,1:1 MUX,"A,B,C"
Digital Electronics,What are decoder applications?,Memory addressing,Display drivers,Demultiplexing,Power supply,"A,B,C"
Digital Electronics,Which are register types?,Shift register,Parallel register,Counter register,Random register,"A,B,C"
Digital Electronics,What are ADC types?,Successive approximation,Flash ADC,Dual slope,Analog gate,"A,B,C"
Digital Electronics,Which are DAC types?,Binary weighted,R-2R ladder,PWM,Digital gate,"A,B,C"
Digital Electronics,What are schmitt trigger characteristics?,Hysteresis,Noise immunity,Sharp transitions,Linear response,"A,B,C"
Digital Electronics,Which are types of ROM?,PROM,EPROM,EEPROM,DRAM,"A,B,C"
Digital Electronics,What are characteristics of TTL?,Fast switching,Moderate power,Standard logic levels,Very low power,"A,B,C"
Digital Electronics,Which are clock signal characteristics?,Frequency,Duty cycle,Rise time,Color,"A,B,C"
Digital Electronics,What are race conditions related to?,Timing issues,Asynchronous inputs,Glitches,Power supply,"A,B,C"
Digital Electronics,Which are synchronous circuit features?,Clock driven,Predictable timing,No race conditions,Random operation,"A,B,C"
Digital Electronics,What are Gray code advantages?,Only one bit changes,Reduced errors,Used in encoders,Faster computation,"A,B,C"
Digital Electronics,Which are PLD types?,PAL,PLA,CPLD,Resistor,"A,B,C"
Digital Electronics,What are FPGA characteristics?,Reconfigurable,High density,Hardware description,Fixed function,"A,B,C"
Digital Electronics,Which are timing parameters?,Setup time,Hold time,Propagation delay,Voltage level,"A,B,C"
Digital Electronics,What are hazards in digital circuits?,Static hazard,Dynamic hazard,Essential hazard,Power hazard,"A,B,C"
Digital Electronics,Which are encoder types?,Priority encoder,Decimal encoder,Octal encoder,Power encoder,"A,B,C"
Digital Electronics,What are BCD representations?,8421 code,Excess-3 code,2421 code,Binary only,"A,B,C"
Digital Electronics,Which are parity methods?,Even parity,Odd parity,Checksum,No parity,"A,B,C"
Digital Electronics,What are shift register modes?,Serial in serial out,Parallel in parallel out,Serial in parallel out,Random mode,"A,B,C"
Digital Electronics,Which are counter applications?,Frequency division,Event counting,Timing generation,Amplification,"A,B,C"
Digital Electronics,What are monostable characteristics?,One stable state,Pulse generation,Timing control,Two stable states,"A,B,C"
Digital Electronics,Which are bistable devices?,Flip-flops,Latches,SR latch,Diode,"A,B,C"
Digital Electronics,What are astable applications?,Clock generation,Oscillation,Square wave output,Data storage,"A,B,C"
Digital Electronics,Which are logic families?,TTL,CMOS,ECL,Analog,"A,B,C"
Digital Electronics,What are tristate buffer states?,High,Low,High impedance,Medium,"A,B,C"
Digital Electronics,Which are arithmetic circuits?,Adder,Subtractor,Comparator,Inverter,"A,B,C"
Digital Electronics,What are full adder inputs?,A,B,Carry in,Output,"A,B,C"
Digital Electronics,Which are ripple counter characteristics?,Asynchronous,Cumulative delay,Simple design,Instant operation,"A,B,C"
Digital Electronics,What are synchronous counter advantages?,No cumulative delay,Higher speed,Predictable operation,Lower cost,"A,B,C"
Digital Electronics,Which are race-free design methods?,Synchronous design,Master-slave flip-flops,Edge triggering,Random clocking,"A,B,C"
Digital Electronics,What are magnitude comparator outputs?,A>B,A=B,A<B,A+B,"A,B,C"
Digital Electronics,Which are digital design tools?,HDL,Simulation software,Logic analyzers,Hammers,"A,B,C"
Digital Electronics,What are metastability causes?,Setup violation,Hold violation,Clock issues,Correct timing,"A,B,C"
Digital Electronics,Which are Johnson counter features?,Self-decoding,No glitches,2n states for n flip-flops,Random states,"A,B,C"
Digital Electronics,What are ring counter characteristics?,Circular shift,n states for n flip-flops,One hot encoding,Infinite states,"A,B,C"
Digital Electronics,Which are voltage level standards?,TTL levels,CMOS levels,LVTTL,Audio levels,"A,B,C"
Digital Electronics,What are fan-out considerations?,Current drive,Loading effects,Signal integrity,Color preference,"A,B,C"
Linux Administration,Which commands are used to change file permissions?,chmod,chown,chgrp,chperm,"A,B,C"
Linux Administration,What are valid Linux directory paths?,/home/user,/etc/config,C:\Windows,/var/log,"A,B,D"
Linux Administration,Which package managers are used in Linux distributions?,apt,yum,dnf,exe,"A,B,C"
Linux Administration,What are Linux file types?,Regular file,Directory,Symbolic link,Executable only,"A,B,C"
Linux Administration,Which are system initialization systems?,systemd,SysVinit,Upstart,Windows Service,"A,B,C"
Linux Administration,What are shell types in Linux?,Bash,Zsh,Ksh,DOS,"A,B,C"
Linux Administration,Which commands show system information?,uname,hostname,lsb_release,delete,"A,B,C"
Linux Administration,What are Linux runlevels?,0 - Halt,1 - Single user,5 - Graphical,9 - Maximum,"A,B,C"
Linux Administration,Which are process management commands?,ps,top,kill,format,"A,B,C"
Linux Administration,What are disk management commands?,fdisk,parted,mkfs,paint,"A,B,C"
Linux Administration,Which are networking commands?,ifconfig,ip,netstat,wordpad,"A,B,C"
Linux Administration,What are file compression tools?,gzip,bzip2,tar,print,"A,B,C"
Linux Administration,Which are text editors in Linux?,vim,nano,emacs,paint,"A,B,C"
Linux Administration,What are user management commands?,useradd,usermod,userdel,userprint,"A,B,C"
Linux Administration,Which are log file locations?,/var/log/syslog,/var/log/messages,/var/log/auth.log,/windows/logs,"A,B,C"
Linux Administration,What are cron file types?,crontab,/etc/cron.d,/etc/cron.daily,/etc/task,"A,B,C"
Linux Administration,Which are file search commands?,find,locate,grep,paint,"A,B,C"
Linux Administration,What are filesystem types?,ext4,xfs,btrfs,ntfs,"A,B,C,D"
Linux Administration,Which are SELinux modes?,Enforcing,Permissive,Disabled,Maximum,"A,B,C"
Linux Administration,What are SSH configuration files?,/etc/ssh/sshd_config,~/.ssh/config,~/.ssh/known_hosts,C:\ssh\config,"A,B,C"
Linux Administration,Which are system monitoring tools?,htop,vmstat,iostat,notepad,"A,B,C"
Linux Administration,What are backup commands?,rsync,dd,tar,delete,"A,B,C"
Linux Administration,Which are kernel modules commands?,lsmod,modprobe,rmmod,winmod,"A,B,C"
Linux Administration,What are boot loaders?,GRUB,LILO,systemd-boot,bootmgr,"A,B,C"
Linux Administration,Which are disk usage commands?,df,du,lsblk,format,"A,B,C"
Linux Administration,What are memory information commands?,free,vmstat,cat /proc/meminfo,memcheck,"A,B,C"
Linux Administration,Which are firewall tools?,iptables,firewalld,ufw,firewall.exe,"A,B,C"
Linux Administration,What are archive commands?,tar,zip,unzip,paint,"A,B,C"
Linux Administration,Which are symbolic link commands?,ln -s,readlink,unlink,link.exe,"A,B,C"
Linux Administration,What are environment variable commands?,export,env,printenv,setenv,"A,B,C,D"
Linux Administration,Which are system resource limits?,ulimit,/etc/security/limits.conf,pam_limits,maximum,"A,B,C"
Linux Administration,What are scheduling priority commands?,nice,renice,ionice,prioritize,"A,B,C"
Linux Administration,Which are sudo configuration files?,/etc/sudoers,/etc/sudoers.d/,visudo,C:\sudo,"A,B,C"
Linux Administration,What are system time commands?,date,timedatectl,hwclock,time.exe,"A,B,C"
Linux Administration,Which are repository management commands?,apt-add-repository,yum-config-manager,dnf config-manager,add-repo.exe,"A,B,C"
Linux Administration,What are systemd unit types?,service,socket,timer,process,"A,B,C"
Linux Administration,Which are LVM commands?,pvcreate,vgcreate,lvcreate,volmake,"A,B,C"
Linux Administration,What are file attribute commands?,chattr,lsattr,getfattr,fileattr,"A,B,C"
Linux Administration,Which are RAID management tools?,mdadm,cat /proc/mdstat,raidtools,diskraid,"A,B,C"
Linux Administration,What are password management commands?,passwd,chage,pwconv,password.exe,"A,B,C"
Linux Administration,Which are quota management commands?,quotacheck,edquota,repquota,setquota,"A,B,C,D"
Linux Administration,What are kernel parameter commands?,sysctl,cat /proc/sys,/etc/sysctl.conf,kernelparam,"A,B,C"
Linux Administration,Which are service management commands?,systemctl start,systemctl stop,systemctl restart,service.exe,"A,B,C"
Linux Administration,What are journalctl options?,journalctl -u,journalctl -f,journalctl -b,journalctl -delete,"A,B,C"
Linux Administration,Which are SSH key types?,RSA,DSA,ECDSA,PASSWORD,"A,B,C"
Linux Administration,What are mount options?,ro,rw,noexec,fullaccess,"A,B,C"
Linux Administration,Which are ACL commands?,setfacl,getfacl,chacl,acl.exe,"A,B,C"
Linux Administration,What are network interface files?,/etc/network/interfaces,/etc/sysconfig/network-scripts,/etc/netplan,C:\network,"A,B,C"
Linux Administration,Which are system update commands?,apt update,yum update,dnf upgrade,update.exe,"A,B,C"
Linux Administration,What are troubleshooting commands?,dmesg,journalctl,strace,fix.exe,"A,B,C"
Networking,Which are valid IP address classes?,Class A,Class B,Class C,Class E,"A,B,C"
Networking,What devices operate at the Data Link Layer?,Switch,Bridge,Router,Hub,"A,B"
Networking,Which protocols are used for email transmission?,SMTP,POP3,IMAP,FTP,"A,B,C"
Networking,What are OSI model layers?,Physical,Data Link,Network,Application,"A,B,C,D"
Networking,Which are transport layer protocols?,TCP,UDP,SCTP,IP,"A,B,C"
Networking,What are types of network topologies?,Star,Ring,Mesh,Circle,"A,B,C"
Networking,Which are routing protocols?,RIP,OSPF,BGP,SMTP,"A,B,C"
Networking,What are private IP address ranges?,10.0.0.0/8,172.16.0.0/12,192.168.0.0/16,8.8.8.8/32,"A,B,C"
Networking,Which are DNS record types?,A record,MX record,CNAME record,IP record,"A,B,C"
Networking,What are DHCP message types?,Discover,Offer,Request,Delete,"A,B,C"
Networking,Which are cable types?,Twisted pair,Coaxial,Fiber optic,Power cable,"A,B,C"
Networking,What are VPN types?,Site-to-site,Remote access,SSL VPN,HTTP VPN,"A,B,C"
Networking,Which are wireless standards?,802.11a,802.11n,802.11ac,802.3,"A,B,C"
Networking,What are NAT types?,Static NAT,Dynamic NAT,PAT,DNS NAT,"A,B,C"
Networking,Which are network security protocols?,IPSec,SSL,TLS,FTP,"A,B,C"
Networking,What are VLAN advantages?,Broadcast control,Security,Flexibility,Slower speed,"A,B,C"
Networking,Which are QoS mechanisms?,Traffic shaping,Policing,Queuing,Deletion,"A,B,C"
Networking,What are TCP flags?,SYN,ACK,FIN,START,"A,B,C"
Networking,Which are subnetting benefits?,IP conservation,Security,Organization,Slower routing,"A,B,C"
Networking,What are load balancing algorithms?,Round robin,Least connections,IP hash,Random delete,"A,B,C"
Networking,Which are network troubleshooting tools?,ping,traceroute,nslookup,delete,"A,B,C"
Networking,What are spanning tree states?,Blocking,Listening,Learning,Running,"A,B,C,D"
Networking,Which are IPv6 address types?,Unicast,Multicast,Anycast,Broadcast,"A,B,C"
Networking,What are firewall types?,Packet filtering,Stateful,Application layer,Database,"A,B,C"
Networking,Which are ICMP message types?,Echo request,Echo reply,Time exceeded,Data transfer,"A,B,C"
Networking,What are ARP packet types?,Request,Reply,Gratuitous ARP,Delete ARP,"A,B,C"
Networking,Which are switch forwarding methods?,Store-and-forward,Cut-through,Fragment-free,Random,"A,B,C"
Networking,What are port security violation modes?,Protect,Restrict,Shutdown,Delete,"A,B,C"
Networking,Which are HSRP states?,Active,Standby,Listen,Execute,"A,B,C"
Networking,What are distance vector protocols?,RIP,IGRP,EIGRP,OSPF,"A,B,C"
Networking,Which are link state protocols?,OSPF,IS-IS,BGP,RIP,"A,B"
Networking,What are EtherChannel protocols?,LACP,PAgP,Static,Dynamic,"A,B,C"
Networking,Which are network access methods?,CSMA/CD,CSMA/CA,Token passing,Random access,"A,B,C"
Networking,What are proxy types?,Forward proxy,Reverse proxy,Transparent proxy,Inverse proxy,"A,B,C"
Networking,Which are STP improvements?,RSTP,MSTP,PVST+,HSTP,"A,B,C"
Networking,What are SNMP versions?,SNMPv1,SNMPv2c,SNMPv3,SNMPv4,"A,B,C"
Networking,Which are WAN technologies?,MPLS,Frame Relay,ATM,Ethernet only,"A,B,C"
Networking,What are OSPF packet types?,Hello,DBD,LSR,DATA,"A,B,C"
Networking,Which are BGP attributes?,AS-Path,Next-hop,Local preference,Random,"A,B,C"
Networking,What are PPP authentication methods?,PAP,CHAP,EAP,OPEN,"A,B,C"
Networking,Which are network redundancy protocols?,HSRP,VRRP,GLBP,SRTP,"A,B,C"
Networking,What are multicast routing protocols?,PIM,IGMP,DVMRP,SMTP,"A,B,C"
Networking,Which are fiber connector types?,SC,LC,ST,RJ45,"A,B,C"
Networking,What are collision domain characteristics?,Shared bandwidth,CSMA/CD,Hub creates one,Switch separates,"A,B,C,D"
Networking,Which are broadcast domain separators?,Router,Layer 3 switch,VLAN,Hub,"A,B,C"
Networking,What are MTU considerations?,Fragmentation,Performance,Path MTU discovery,Color coding,"A,B,C"
Networking,Which are network monitoring protocols?,NetFlow,sFlow,SNMP,HTTP,"A,B,C"
Networking,What are VTP modes?,Server,Client,Transparent,Master,"A,B,C"
Networking,Which are wireless encryption methods?,WEP,WPA,WPA2,HTTP,"A,B,C"
Networking,What are CDN benefits?,Reduced latency,Load distribution,Improved availability,Increased cost,"A,B,C"
Robotics,Which are types of robot sensors?,Ultrasonic,Infrared,LIDAR,Speaker,"A,B,C"
Robotics,What are robot locomotion methods?,Wheeled,Legged,Tracked,Flying,"A,B,C,D"
Robotics,Which are robot coordinate systems?,Cartesian,Cylindrical,Spherical,Random,"A,B,C"
Robotics,What are servo motor types?,DC servo,AC servo,Stepper motor,Induction motor,"A,B,C"
Robotics,Which are robot control architectures?,Reactive,Deliberative,Hybrid,Random,"A,B,C"
Robotics,What are proximity sensors?,Ultrasonic sensor,IR sensor,Capacitive sensor,Temperature sensor,"A,B,C"
Robotics,Which are types of robot actuators?,Servo motors,Capacitors,Pneumatic cylinders,Hydraulic pistons,"A,C,D"
Robotics,Which sensors are used for distance measurement?,Ultrasonic sensors,LiDAR,Temperature sensors,Infrared sensors,"A,B,D"
Robotics,Which are common robot coordinate systems?,Cartesian,Binary,Polar,Cylindrical,"A,C,D"
Robotics,Which programming languages are used in robotics?,Python,HTML,C++,MATLAB,"A,C,D"
Robotics,Which components are essential for mobile robots?,Motors,Monitor,Wheels,Batteries,"A,C,D"
Robotics,Which are types of robotic grippers?,Vacuum grippers,Radio grippers,Magnetic grippers,Mechanical grippers,"A,C,D"
Robotics,Which control methods are used in robotics?,PID control,Desktop publishing,Fuzzy logic,Adaptive control,"A,C,D"
Robotics,Which are applications of industrial robots?,Welding,Painting,Assembly,Social media,"A,B,C"
Robotics,Which sensors detect orientation?,Gyroscopes,Moisture sensors,Accelerometers,Magnetometers,"A,C,D"
Robotics,Which are types of robot navigation?,GPS-based,Audio-based,Vision-based,Sensor-based,"A,C,D"
Robotics,Which are characteristics of humanoid robots?,Bipedal locomotion,Single wheel,Human-like appearance,Articulated arms,"A,C,D"
Robotics,Which are robot learning methods?,Reinforcement learning,Manual typing,Supervised learning,Imitation learning,"A,C,D"
Robotics,Which components enable robot vision?,Cameras,Speakers,Image processors,Light sensors,"A,C,D"
Robotics,Which are types of robot joints?,Revolute,Elastic,Prismatic,Spherical,"A,C,D"
Robotics,Which platforms are used for robot simulation?,Gazebo,PowerPoint,V-REP,Webots,"A,C,D"
Robotics,Which are robotic manipulation tasks?,Grasping,Sleeping,Placing,Lifting,"A,C,D"
Robotics,Which sensors measure environmental data?,Temperature sensors,Printers,Humidity sensors,Gas sensors,"A,C,D"
Robotics,Which are collaborative robot features?,Force sensing,Safety sensors,Password protection,Human interaction,"A,B,D"
Robotics,Which microcontrollers are used in robotics?,Arduino,Raspberry Pi,Toaster,ESP32,"A,B,D"
Robotics,Which are path planning algorithms?,A-star,Dijkstra,Bubble sort,RRT,"A,B,D"
Robotics,Which are types of mobile robots?,Wheeled robots,Flying robots,Stationary monitors,Legged robots,"A,B,D"
Robotics,Which communication protocols are used in robotics?,I2C,SPI,SMTP,UART,"A,B,D"
Robotics,Which are robot workspace types?,Rectangular,Cylindrical,Triangular,Spherical,"B,C,D"
Robotics,Which technologies enable autonomous navigation?,SLAM,Computer vision,Email servers,Path planning,"A,B,D"
Robotics,Which are feedback sensors in robotics?,Encoders,Potentiometers,Keyboards,Force sensors,"A,B,D"
Robotics,Which robot types use wheels?,Mobile robots,AGVs,Humanoid robots,Delivery robots,"A,B,D"
Robotics,Which are industrial robot applications?,Pick and place,Material handling,Web browsing,Machine tending,"A,B,D"
Robotics,Which processors are used in robotics?,ARM,x86,Typewriter,DSP,"A,B,D"
Robotics,Which are robotic arm configurations?,SCARA,Delta,Triangle,Articulated,"A,B,D"
Robotics,Which sensors enable obstacle avoidance?,Ultrasonic,LiDAR,Calendar,Infrared,"A,B,D"
Robotics,Which are robot power sources?,Batteries,Solar panels,Thoughts,Fuel cells,"A,B,D"
Robotics,Which frameworks support robot development?,ROS,OpenRAVE,WordPress,Gazebo,"A,B,D"
Robotics,Which are end effector types?,Grippers,Welding torches,Printers,Suction cups,"A,B,D"
Robotics,Which are motion planning techniques?,Sampling-based,Optimization-based,Email-based,Graph-based,"A,B,D"
Robotics,Which robot features improve safety?,Emergency stops,Collision detection,Auto-delete,Force limiting,"A,B,D"
Robotics,Which are robotic sensing modalities?,Vision,Touch,Telepathy,Auditory,"A,B,D"
Robotics,Which motors provide precise control?,Stepper motors,Servo motors,Fan motors,Brushless DC motors,"A,B,D"
Robotics,Which are robot localization methods?,GPS,Odometry,Guessing,Triangulation,"A,B,D"
Robotics,Which environments challenge robots?,Underwater,Space,Desktop folders,Disaster zones,"A,B,D"
Robotics,Which are swarm robotics characteristics?,Decentralized control,Emergent behavior,Single unit,Collective task solving,"A,B,D"
Robotics,Which technologies aid robot manipulation?,Force control,Vision guidance,Music streaming,Tactile feedback,"A,B,D"
Robotics,Which are robot calibration methods?,Kinematic calibration,Vision calibration,Random calibration,Tool calibration,"A,B,D"
Robotics,Which sensors measure robot dynamics?,IMU,Force/torque sensors,Temperature only,Accelerometers,"A,B,D"
Robotics,Which are legged robot types?,Bipedal,Quadrupedal,Wheeled only,Hexapodal,"A,B,D"
Robotics,Which software tools simulate robots?,MATLAB,Simulink,Notepad,CoppeliaSim,"A,B,D"
Robotics,Which are robot safety standards?,ISO 10218,ISO 15066,HTML5,ANSI/RIA R15.06,"A,B,D"
Robotics,Which mechanisms provide robot mobility?,Tracks,Legs,Stationary base,Propellers,"A,B,D"
Robotics,Which are machine learning applications in robotics?,Object recognition,Trajectory learning,File compression,Grasp planning,"A,B,D"
Robotics,Which robot components require calibration?,Sensors,Actuators,Paint color,Kinematics,"A,B,D"
Robotics,Which are autonomous vehicle technologies?,Lane detection,Object tracking,Radio broadcasting,Path following,"A,B,D"
Android App Development,Which are Android UI components?,TextView,Button,Compiler,ImageView,"A,B,D"
Android App Development,Which Android lifecycle methods exist?,onCreate,onStart,onCompile,onResume,"A,B,D"
Android App Development,Which layouts are available in Android?,LinearLayout,RelativeLayout,RandomLayout,ConstraintLayout,"A,B,D"
Android App Development,Which storage options exist in Android?,SharedPreferences,SQLite,PowerPoint,Internal storage,"A,B,D"
Android App Development,Which are Android architecture components?,ViewModel,LiveData,Clipboard,Room,"A,B,D"
Android App Development,Which permissions are runtime permissions?,Camera,Location,Internet,Storage,"A,B,D"
Android App Development,Which are Android app components?,Activity,Service,Compiler,BroadcastReceiver,"A,B,D"
Android App Development,Which libraries are used for networking?,Retrofit,OkHttp,Paint,Volley,"A,B,D"
Android App Development,Which are Android testing frameworks?,Espresso,JUnit,Photoshop,Mockito,"A,B,D"
Android App Development,Which are valid intent types?,Explicit,Implicit,Random,Pending,"A,B,D"
Android App Development,Which image loading libraries exist?,Glide,Picasso,Excel,Coil,"A,B,D"
Android App Development,Which are dependency injection frameworks?,Dagger,Hilt,Notepad,Koin,"A,B,D"
Android App Development,Which are Android notification channels?,Default,High priority,No priority,Custom,"A,B,D"
Android App Development,Which are RecyclerView components?,Adapter,ViewHolder,Compiler,LayoutManager,"A,B,D"
Android App Development,Which build tools are used?,Gradle,Maven,Paintbrush,Android Studio,"A,B,D"
Android App Development,Which are background task solutions?,WorkManager,JobScheduler,Calculator,Coroutines,"A,B,D"
Android App Development,Which security features exist?,Encryption,Biometric auth,Auto-delete,ProGuard,"A,B,D"
Android App Development,Which are material design components?,CardView,FloatingActionButton,Clipboard,Toolbar,"A,B,D"
Android App Development,Which databases can Android use?,Room,SQLite,Excel,Realm,"A,B,D"
Android App Development,Which are navigation components?,NavController,NavGraph,Printer,Fragment,"A,B,D"
Android App Development,Which are input validation methods?,TextWatcher,Pattern matching,Random checking,EditText validation,"A,B,D"
Android App Development,Which APIs handle location?,FusedLocationProvider,LocationManager,Calculator,Geocoder,"A,B,D"
Android App Development,Which are animation types?,Property animation,View animation,No animation,Transition animation,"A,B,D"
Android App Development,Which handle asynchronous tasks?,Coroutines,AsyncTask,Notepad,RxJava,"A,B,D"
Android App Development,Which are view binding options?,ViewBinding,DataBinding,AudioBinding,Synthetic binding,"A,B,D"
Android App Development,Which support media playback?,MediaPlayer,ExoPlayer,Calculator,VideoView,"A,B,D"
Android App Development,Which are state management solutions?,ViewModel,SavedStateHandle,Random state,StateFlow,"A,B,D"
Android App Development,Which handle JSON parsing?,Gson,Moshi,Paintbrush,Jackson,"A,B,D"
Android App Development,Which enable real-time updates?,Firebase,WebSocket,Printer,LiveData,"A,B,D"
Android App Development,Which are gesture detectors?,GestureDetector,ScaleGestureDetector,NoGestureDetector,TouchListener,"A,B,D"
Android App Development,Which support offline functionality?,Room caching,WorkManager sync,Online-only mode,SharedPreferences,"A,B,D"
Android App Development,Which are UI testing tools?,Espresso,UI Automator,Compiler,Robolectric,"A,B,D"
Android App Development,Which handle app crashes?,Firebase Crashlytics,ACRA,Ignoring errors,Custom handlers,"A,B,D"
Android App Development,Which are dialog types?,AlertDialog,DialogFragment,NoDialog,BottomSheetDialog,"A,B,D"
Android App Development,Which support push notifications?,Firebase Cloud Messaging,OneSignal,Email only,Local notifications,"A,B,D"
Android App Development,Which are image processing libraries?,OpenCV,Glide transformations,Notepad,RenderScript,"A,B,D"
Android App Development,Which handle deep linking?,Navigation component,Intent filters,Random links,App Links,"A,B,D"
Android App Development,Which are accessibility features?,TalkBack,Content descriptions,No access,Touch exploration,"A,B,D"
Android App Development,Which support in-app purchases?,Google Play Billing,Payment gateway,Free only,Subscription management,"A,B,D"
Android App Development,Which are debugging tools?,Logcat,Android Profiler,Guessing,Debug breakpoints,"A,B,D"
Android App Development,Which enable multi-language support?,String resources,Locale,Single language,Translation API,"A,B,D"
Android App Development,Which are app distribution platforms?,Google Play Store,APK direct,Floppy disk,App Bundle,"A,B,D"
Android App Development,Which monitor app performance?,Firebase Performance,Android Profiler,No monitoring,Custom analytics,"A,B,D"
Android App Development,Which are theme customization options?,Styles,Themes,Random colors,Material components,"A,B,D"
Android App Development,Which support camera functionality?,Camera2 API,CameraX,Microphone,Image capture,"A,B,D"
Android App Development,Which are splash screen implementations?,SplashScreen API,Custom activity,No splash,Theme-based splash,"A,B,D"
Android App Development,Which handle file operations?,File API,MediaStore,Deletion only,Storage Access Framework,"A,B,D"
Android App Development,Which are vector drawable benefits?,Scalability,Small size,Large size,Resolution independence,"A,B,D"
Android App Development,Which implement dark mode?,AppCompat,Material components,No theming,System settings,"A,B,D"
Android App Development,Which are code obfuscation tools?,ProGuard,R8,Plain text,DexGuard,"A,B,D"
Database,Which are types of databases?,Relational,NoSQL,Spreadsheet,Object-oriented,"A,B,D"
Database,Which are SQL data types?,INTEGER,VARCHAR,AUDIO,DATE,"A,B,D"
Database,Which ensure data integrity?,Primary keys,Foreign keys,Random keys,Constraints,"A,B,D"
Database,Which are database normalization forms?,1NF,2NF,0NF,3NF,"A,B,D"
Database,Which are NoSQL database types?,Document,Key-value,Relational,Graph,"A,B,D"
Database,Which are SQL join types?,INNER JOIN,LEFT JOIN,RANDOM JOIN,RIGHT JOIN,"A,B,D"
Database,Which are database indexing types?,B-tree,Hash,Unsorted,Bitmap,"A,B,D"
Database,Which are ACID properties?,Atomicity,Consistency,Randomness,Isolation,"A,B,D"
Database,Which are aggregate functions?,SUM,AVG,RANDOM,COUNT,"A,B,D"
Database,Which are database backup strategies?,Full backup,Incremental,No backup,Differential,"A,B,D"
Database,Which are transaction isolation levels?,Read committed,Repeatable read,No isolation,Serializable,"A,B,D"
Database,Which database engines exist?,InnoDB,MyISAM,Notepad,Memory,"A,B,D"
Database,Which are data warehousing concepts?,ETL,OLAP,SMTP,Data mart,"A,B,D"
Database,Which prevent SQL injection?,Prepared statements,Parameterized queries,Raw input,Stored procedures,"A,B,D"
Database,Which are database scaling methods?,Vertical scaling,Horizontal scaling,No scaling,Sharding,"A,B,D"
Database,Which are constraint types?,NOT NULL,UNIQUE,RANDOM,CHECK,"A,B,D"
Database,Which are replication strategies?,Master-slave,Multi-master,No replication,Snapshot,"A,B,D"
Database,Which optimize query performance?,Indexes,Query caching,Random execution,Execution plans,"A,B,D"
Database,Which are database management systems?,MySQL,PostgreSQL,Notepad,MongoDB,"A,B,D"
Database,Which are data modeling approaches?,ER modeling,UML,Random design,Dimensional modeling,"A,B,D"
Database,Which support full-text search?,Full-text indexes,Search engines,No search,Text analysis,"A,B,D"
Database,Which are database triggers?,BEFORE trigger,AFTER trigger,RANDOM trigger,INSTEAD OF trigger,"A,B,D"
Database,Which are partitioning types?,Range,Hash,Random,List,"A,B,D"
Database,Which handle concurrency?,Locks,Timestamps,Ignoring conflicts,MVCC,"A,B,D"
Database,Which are view types?,Materialized view,Standard view,No view,Indexed view,"A,B,D"
Database,Which ensure high availability?,Clustering,Replication,Single server,Failover,"A,B,D"
Database,Which are data compression techniques?,Row compression,Page compression,No compression,Column compression,"A,B,D"
Database,Which are database roles?,Admin,User,Guest,Developer,"A,B,D"
Database,Which support distributed databases?,CAP theorem,Consistency,Centralized only,Availability,"A,B,D"
Database,Which are query optimization techniques?,Index usage,Join optimization,Random queries,Query rewriting,"A,B,D"
Database,Which handle database migration?,Schema migration,Data migration,No migration,Version control,"A,B,D"
Database,Which are temporal database features?,Valid time,Transaction time,No time,Bitemporal,"A,B,D"
Database,Which are database monitoring tools?,Performance monitor,Query analyzer,No monitoring,Profiler,"A,B,D"
Database,Which enforce referential integrity?,Foreign keys,Cascading,No integrity,Triggers,"A,B,D"
Database,Which are column types in NoSQL?,String,Number,Undefined,Boolean,"A,B,D"
Database,Which support JSON data?,JSON column,JSON functions,No JSON,JSON indexing,"A,B,D"
Database,Which are deadlock solutions?,Timeout,Detection,Ignoring,Prevention,"A,B,D"
Database,Which are data encryption methods?,TDE,Column encryption,No encryption,Application encryption,"A,B,D"
Database,Which handle database versioning?,Migration scripts,Version control,No versioning,Schema comparison,"A,B,D"
Database,Which are query caching strategies?,Result caching,Query caching,No caching,Prepared statement cache,"A,B,D"
Database,Which support geospatial data?,Spatial indexes,GIS functions,No spatial,Location queries,"A,B,D"
Database,Which are database connection pooling benefits?,Resource efficiency,Performance,No pooling,Connection reuse,"A,B,D"
Database,Which implement soft deletes?,Deleted flag,Archived table,Permanent delete,Timestamp,"A,B,D"
Database,Which are database audit features?,Audit trail,Change tracking,No audit,Logging,"A,B,D"
Database,Which support time-series data?,Time indexes,Aggregation,Random data,Retention policies,"A,B,D"
Database,Which are database design patterns?,Repository,DAO,Random pattern,Unit of Work,"A,B,D"
Database,Which optimize storage?,Compression,Partitioning,No optimization,Archiving,"A,B,D"
Database,Which support database clustering?,Shared storage,Shared nothing,Single node,Replication,"A,B,D"
Database,Which handle schema evolution?,Migrations,Versioning,No changes,Backward compatibility,"A,B,D"
Database,Which are database testing approaches?,Unit tests,Integration tests,No testing,Performance tests,"A,B,D"
Java,Which are Java primitive types?,int,double,String,boolean,"A,B,D"
Java,Which are access modifiers?,public,private,friend,protected,"A,B,D"
Java,Which are Java collection interfaces?,List,Set,Array,Map,"A,B,D"
Java,Which are object-oriented principles?,Encapsulation,Inheritance,Compilation,Polymorphism,"A,B,D"
Java,Which are exception types?,Checked,Unchecked,Unhandled,Runtime,"A,B,D"
Java,Which are Java keywords?,class,interface,function,extends,"A,B,D"
Java,Which are looping constructs?,for,while,repeat,do-while,"A,B,D"
Java,Which are stream operations?,map,filter,print,reduce,"A,B,D"
Java,Which implement thread creation?,Thread class,Runnable,Random,Callable,"A,B,D"
Java,Which are String methods?,length,substring,compile,concat,"A,B,D"
Java,Which are Java frameworks?,Spring,Hibernate,Photoshop,JUnit,"A,B,D"
Java,Which handle concurrency?,synchronized,volatile,random,Lock,"A,B,D"
Java,Which are functional interfaces?,Predicate,Function,Random,Consumer,"A,B,D"
Java,Which are design patterns?,Singleton,Factory,Chaos,Observer,"A,B,D"
Java,Which are generics wildcards?,<? extends>,<? super>,<? random>,<?>,"A,B,D"
Java,Which are annotation types?,@Override,@Deprecated,@Random,@FunctionalInterface,"A,B,D"
Java,Which are Java IO classes?,FileReader,BufferedReader,Compiler,InputStream,"A,B,D"
Java,Which support lambda expressions?,Functional interfaces,Stream API,Random code,Method references,"A,B,D"
Java,Which are garbage collection types?,Serial,Parallel,Manual,G1,"A,B,D"
Java,Which are Java testing frameworks?,JUnit,TestNG,Notepad,Mockito,"A,B,D"
Java,Which are serialization mechanisms?,Serializable,Externalizable,Random,ObjectOutputStream,"A,B,D"
Java,Which are reflection capabilities?,Class inspection,Method invocation,Random access,Field access,"A,B,D"
Java,Which are immutable classes?,String,Integer,ArrayList,BigDecimal,"A,B,D"
Java,Which handle database connectivity?,JDBC,JPA,Printer,Hibernate,"A,B,D"
Java,Which are comparison methods?,equals,compareTo,random,hashCode,"A,B,D"
Java,Which support dependency injection?,Spring,Guice,Manual,CDI,"A,B,D"
Java,Which are date-time classes?,LocalDate,LocalDateTime,Random,Instant,"A,B,D"
Java,Which implement collections?,ArrayList,HashSet,Random,LinkedList,"A,B,D"
Java,Which are modifier keywords?,static,final,random,abstract,"A,B,D"
Java,Which handle REST APIs?,RestTemplate,JAX-RS,Notepad,HttpClient,"A,B,D"
Java,Which are memory areas?,Heap,Stack,Random,Method area,"A,B,D"
Java,Which support asynchronous programming?,CompletableFuture,Future,Random,Executor,"A,B,D"
Java,Which are logging frameworks?,Log4j,SLF4J,Printer,Logback,"A,B,D"
Java,Which implement security?,Security Manager,Encryption,No security,Authentication,"A,B,D"
Java,Which handle JSON processing?,Jackson,Gson,Notepad,JSON-P,"A,B,D"
Java,Which are build tools?,Maven,Gradle,Notepad,Ant,"A,B,D"
Java,Which support reactive programming?,RxJava,Project Reactor,Random,Flux,"A,B,D"
Java,Which are class types?,Abstract,Final,Random,Concrete,"A,B,D"
Java,Which handle caching?,Caffeine,Ehcache,No cache,Guava,"A,B,D"
Java,Which are sorting algorithms?,Collections.sort,Arrays.sort,Random sort,Custom comparator,"A,B,D"
Java,Which implement microservices?,Spring Boot,Micronaut,Monolith,Quarkus,"A,B,D"
Java,Which are validation frameworks?,Bean Validation,Hibernate Validator,No validation,Custom validators,"A,B,D"
Java,Which support XML processing?,JAXB,DOM,Random,SAX,"A,B,D"
Java,Which are code quality tools?,SonarQube,Checkstyle,Random,PMD,"A,B,D"
Java,Which handle email?,JavaMail,Spring Mail,Printer,SMTP client,"A,B,D"
Java,Which are performance profiling tools?,JProfiler,VisualVM,Random,YourKit,"A,B,D"
Java,Which support web sockets?,Java WebSocket API,Spring WebSocket,Random,Tyrus,"A,B,D"
Java,Which implement ORM?,Hibernate,JPA,Random,MyBatis,"A,B,D"
Java,Which are packaging formats?,JAR,WAR,TXT,EAR,"A,B,D"
Java,Which support scheduling?,ScheduledExecutorService,Quartz,Random,Spring Scheduler,"A,B,D"
C#,Which are C# value types?,int,struct,string,bool,"A,B,D"
C#,Which are access modifiers?,public,private,friend,internal,"A,B,D"
C#,Which are C# collection types?,List,Dictionary,Random,HashSet,"A,B,D"
C#,Which implement interfaces?,class,struct,random,record,"A,B,D"
C#,Which are loop constructs?,for,foreach,repeat,while,"A,B,D"
C#,Which are LINQ methods?,Select,Where,Random,OrderBy,"A,B,D"
C#,Which handle asynchronous code?,async,await,random,Task,"A,B,D"
C#,Which are delegate types?,Action,Func,Random,Predicate,"A,B,D"
C#,Which are exception handling keywords?,try,catch,random,finally,"A,B,D"
C#,Which are C# frameworks?,.NET Core,ASP.NET,Photoshop,Entity Framework,"A,B,D"
C#,Which are access level modifiers?,protected,internal,friend,private protected,"A,B,D"
C#,Which support nullable types?,Nullable<T>,?,random,HasValue,"A,B,D"
C#,Which implement dependency injection?,IServiceCollection,ServiceProvider,Random,DI Container,"A,B,D"
C#,Which are attribute targets?,Assembly,Class,Random,Method,"A,B,D"
C#,Which handle file operations?,File,FileStream,Random,StreamReader,"A,B,D"
C#,Which are generic constraints?,where T : class,where T : struct,where T : random,where T : new(),"A,B,D"
C#,Which support events?,event,EventHandler,random,delegate,"A,B,D"
C#,Which are testing frameworks?,NUnit,xUnit,Notepad,MSTest,"A,B,D"
C#,Which implement serialization?,JsonSerializer,XmlSerializer,Random,BinaryFormatter,"A,B,D"
C#,Which are ORM frameworks?,Entity Framework,Dapper,Random,NHibernate,"A,B,D"
C#,Which support reflection?,Type,Assembly,Random,MethodInfo,"A,B,D"
C#,Which handle threading?,Thread,Task,Random,ThreadPool,"A,B,D"
C#,Which are pattern matching features?,is,switch,random,when,"A,B,D"
C#,Which implement validation?,Data Annotations,FluentValidation,Random,IValidatableObject,"A,B,D"
C#,Which are middleware components?,UseRouting,UseAuthentication,Random,UseAuthorization,"A,B,D"
C#,Which support configuration?,appsettings.json,IConfiguration,Random,Options pattern,"A,B,D"
C#,Which handle HTTP requests?,HttpClient,HttpRequest,Random,WebRequest,"A,B,D"
C#,Which are logging providers?,Console,Debug,Random,EventLog,"A,B,D"
C#,Which implement caching?,MemoryCache,DistributedCache,Random,ResponseCache,"A,B,D"
C#,Which are query operators?,from,select,random,where,"A,B,D"
C#,Which support encryption?,AES,RSA,Plain,SHA256,"A,B,D"
C#,Which handle database connections?,SqlConnection,DbConnection,Random,EntityFramework,"A,B,D"
C#,Which are record features?,Positional syntax,Value equality,Random,Immutability,"A,B,D"
C#,Which implement authorization?,Authorize,AllowAnonymous,Random,Policies,"A,B,D"
C#,Which are method modifiers?,virtual,override,random,sealed,"A,B,D"
C#,Which support SignalR?,Hub,HubConnection,Random,IHubContext,"A,B,D"
C#,Which handle JSON?,JsonDocument,JsonSerializer,Random,Newtonsoft.Json,"A,B,D"
C#,Which are expression tree types?,Expression,LambdaExpression,Random,BinaryExpression,"A,B,D"
C#,Which implement background services?,IHostedService,BackgroundService,Random,Timer,"A,B,D"
C#,Which support API versioning?,URL versioning,Header versioning,Random,Query string,"A,B,D"
C#,Which are memory management features?,Garbage collection,IDisposable,Manual,Finalizer,"A,B,D"
C#,Which handle XML?,XDocument,XmlReader,Random,XmlSerializer,"A,B,D"
C#,Which support gRPC?,gRPC client,gRPC server,Random,Protobuf,"A,B,D"
C#,Which are code analyzers?,Roslyn,StyleCop,Random,FxCop,"A,B,D"
C#,Which implement repositories?,Repository pattern,Unit of Work,Random,DbContext,"A,B,D"
C#,Which support WebSockets?,WebSocket,ClientWebSocket,Random,WebSocketMiddleware,"A,B,D"
C#,Which handle localization?,IStringLocalizer,Resources,Random,CultureInfo,"A,B,D"
C#,Which are yield keywords?,yield return,yield break,yield random,yield continue,"A,B"
C#,Which support?,HealthCheck,IHealthCheck,Random,HealthCheckService,"A,B,D"
Python,Which are Python data types?,list,dict,random,tuple,"A,B,D"
Python,Which are Python keywords?,def,class,function,import,"A,B,D"
Python,Which are built-in functions?,print,len,compile,type,"A,B,D"
Python,Which are loop statements?,for,while,repeat,break,"A,B,D"
Python,Which handle exceptions?,try,except,random,finally,"A,B,D"
Python,Which are module types?,Built-in,Third-party,Random,Custom,"A,B,D"
Python,Which are string methods?,split,join,compile,replace,"A,B,D"
Python,Which are list methods?,append,extend,random,pop,"A,B,D"
Python,Which support file operations?,open,read,random,write,"A,B,D"
Python,Which are Python frameworks?,Django,Flask,Photoshop,FastAPI,"A,B,D"
Python,Which are decorators?,@staticmethod,@classmethod,@random,@property,"A,B,D"
Python,Which handle concurrency?,threading,asyncio,random,multiprocessing,"A,B,D"
Python,Which are comprehension types?,List comprehension,Dict comprehension,Random,Generator expression,"A,B,D"
Python,Which are data science libraries?,NumPy,Pandas,Notepad,Matplotlib,"A,B,D"
Python,Which support testing?,unittest,pytest,random,mock,"A,B,D"
Python,Which handle JSON?,json.loads,json.dumps,random,JSONDecoder,"A,B,D"
Python,Which are context managers?,with,__enter__,random,__exit__,"A,B,D"
Python,Which implement iterators?,__iter__,__next__,random,StopIteration,"A,B,D"
Python,Which are magic methods?,__init__,__str__,random,__len__,"A,B,D"
Python,Which support virtual environments?,venv,virtualenv,random,conda,"A,B,D"
Python,Which handle databases?,SQLAlchemy,psycopg2,random,pymongo,"A,B,D"
Python,Which are collection types?,set,frozenset,random,deque,"A,B,D"
Python,Which support web scraping?,BeautifulSoup,Scrapy,random,requests,"A,B,D"
Python,Which implement logging?,logging,logger,random,handlers,"A,B,D"
Python,Which are valid Python data types?,Integer,String,Compiler,List,"A,B,D"
Python,Which are Python loop structures?,for loop,while loop,until loop,do-while loop,A,B
Python,Which are mutable data types in Python?,List,Dictionary,Tuple,Set,"A,B,D"
Python,Which keywords are used for exception handling?,try,except,catch,finally,"A,B,D"
Python,Which are Python comparison operators?,==,!=,>=,<>,"A,B,C"
Python,Which modules are part of Python standard library?,os,sys,django,math,"A,B,D"
Python,Which are valid ways to create a list?,Using brackets [],Using list(),Using curly braces {},Using parentheses (),"A,B"
Python,Which functions convert data types?,int(),str(),compile(),float(),"A,B,D"
Python,Which are string methods in Python?,upper(),lower(),split(),compile(),"A,B,C"
Python,Which statements control loop flow?,break,continue,pause,pass,"A,B,D"
Python,Which are Python logical operators?,and,or,xor,not,"A,B,D"
Python,Which are file opening modes?,r (read),w (write),x (execute),a (append),"A,B,D"
Python,Which are valid function definition keywords?,def,lambda,function,async,"A,B,D"
Python,Which collections are ordered?,List,Tuple,Set,Dictionary,"A,B"
Python,Which are Python built-in functions?,print(),len(),compile(),range(),"A,B,D"
Python,Which operators perform arithmetic?,+,-,.,*,"A,B,D"
Python,Which are ways to format strings?,f-strings,format(),concat(),% formatting,"A,B,D"
Python,Which are valid variable naming rules?,Can start with underscore,Can contain numbers,Can start with number,Can contain letters,"A,B,D"
Python,Which statements are conditional?,if,elif,when,else,"A,B,D"
Python,Which are Python decorators used for?,Modifying functions,Adding functionality,Compiling code,Wrapping functions,"A,B,D"
Python,Which methods add items to lists?,append(),extend(),compile(),insert(),"A,B,D"
Python,Which are dictionary methods?,keys(),values(),items(),indexes(),"A,B,C"
Python,Which are valid import statements?,import module,from module import,using module,import module as,"A,B,D"
Python,Which comprehensions exist in Python?,List comprehension,Dictionary comprehension,Class comprehension,Set comprehension,"A,B,D"
Python,Which are object-oriented concepts in Python?,Inheritance,Polymorphism,Compilation,Encapsulation,"A,B,D"
Python,Which modules handle JSON data?,json,pickle,compiler,ast,"A,B"
Python,Which are valid class methods?,@classmethod,@staticmethod,@publicmethod,Instance methods,"A,B,D"
Python,Which operators are bitwise?,&,|,&&,^,"A,B,D"
Python,Which functions work with iterables?,map(),filter(),compile(),zip(),"A,B,D"
Python,Which are valid assert uses?,Testing conditions,Debugging,Compiling,Error checking,"A,B,D"
Python,Which libraries are for data science?,NumPy,Pandas,Django,Matplotlib,"A,B,D"
Python,Which are Python magic methods?,__init__,__str__,__compile__,__len__,"A,B,D"
Python,Which handle multiple values?,Tuples,Lists,Integers,Dictionaries,"A,B,D"
Python,Which are context managers?,with statement,try statement,using statement,contextlib module,"A,D"
Python,Which are valid boolean values?,True,False,Maybe,None,"A,B"
Python,Which are sequence types?,String,List,Set,Tuple,"A,B,D"
Python,Which keywords define scope?,global,local,nonlocal,universal,"A,C"
Python,Which are Python web frameworks?,Django,Flask,NumPy,FastAPI,"A,B,D"
Python,Which operators check membership?,in,not in,contains,has,"A,B"
Python,Which are valid ways to copy lists?,list.copy(),list[:],list.duplicate(),list(list),"A,B,D"
Python,Which functions handle input/output?,input(),print(),read(),write(),"A,B,D"
Python,Which are set operations?,union(),intersection(),join(),difference(),"A,B,D"
Python,Which are valid number types?,int,float,decimal,complex,"A,B,D"
Python,Which keywords relate to classes?,class,self,this,super,"A,B,D"
Python,Which libraries handle dates?,datetime,time,calendar,clock,"A,B,C"
Python,Which are valid lambda uses?,Sorting key,Filter function,Class definition,Map function,"A,B,D"
Python,Which methods remove list items?,remove(),pop(),delete(),clear(),"A,B,D"
Python,Which are valid pip commands?,install,uninstall,compile,list,"A,B,D"
Python,Which are Python testing frameworks?,unittest,pytest,compiler,doctest,"A,B,D"
Python,Which handle asynchronous code?,async,await,promise,asyncio,"A,B,D"
Web Design,Which are valid HTML5 semantic elements?,<header>,<nav>,<content>,<footer>,"A,B,D"
Web Design,Which CSS properties affect text?,color,font-size,border,text-align,"A,B,D"
Web Design,Which are CSS layout methods?,Flexbox,Grid,Table,Float,"A,B,D"
Web Design,Which are valid CSS selectors?,Class selector,ID selector,Name selector,Element selector,"A,B,D"
Web Design,Which HTML attributes are global?,id,class,href,style,"A,B,D"
Web Design,Which are CSS box model properties?,margin,padding,content,border,"A,B,D"
Web Design,Which are JavaScript DOM methods?,getElementById,querySelector,getElementByName,querySelectorAll,"A,B,D"
Web Design,Which are responsive design techniques?,Media queries,Flexible grids,Static widths,Flexible images,"A,B,D"
Web Design,Which are valid CSS units?,px,em,cm,%,"A,B,D"
Web Design,Which are HTML form input types?,text,email,address,number,"A,B,D"
Web Design,Which are CSS positioning values?,absolute,relative,static,fixed,"A,B,D"
Web Design,Which are valid HTTP methods?,GET,POST,FETCH,DELETE,"A,B,D"
Web Design,Which properties control spacing?,margin,padding,spacing,gap,"A,B,D"
Web Design,Which are CSS pseudo-classes?,:hover,:active,:click,:focus,"A,B,D"
Web Design,Which elements are inline by default?,<span>,<a>,<div>,<img>,"A,B,D"
Web Design,Which are CSS color formats?,Hexadecimal,RGB,CMYK,HSL,"A,B,D"
Web Design,Which are JavaScript event listeners?,click,mouseover,keypress,tap,"A,B,C"
Web Design,Which HTML tags require closing tags?,<div>,<p>,<img>,<section>,"A,B,D"
Web Design,Which are CSS animation properties?,animation-duration,animation-name,animation-speed,animation-timing-function,"A,B,D"
Web Design,Which improve website accessibility?,Alt text,ARIA labels,Flash content,Semantic HTML,"A,B,D"
Web Design,Which are CSS display values?,block,inline,hidden,flex,"A,B,D"
Web Design,Which are valid font properties?,font-family,font-size,font-color,font-weight,"A,B,D"
Web Design,Which frameworks use component-based architecture?,React,Vue,jQuery,Angular,"A,B,D"
Web Design,Which are CSS background properties?,background-color,background-image,background-size,background-border,"A,B,C"
Web Design,Which optimize web performance?,Image compression,Minification,Large files,Lazy loading,"A,B,D"
Web Design,Which are valid CSS transitions?,transition-duration,transition-property,transition-speed,transition-timing-function,"A,B,D"
Web Design,Which are browser developer tools?,Console,Elements,Compiler,Network,"A,B,D"
Web Design,Which are CSS transform functions?,rotate(),scale(),compile(),translate(),"A,B,D"
Web Design,Which are valid meta tags?,viewport,description,compiler,charset,"A,B,D"
Web Design,Which JavaScript data structures exist?,Arrays,Objects,Compilers,Maps,"A,B,D"
Web Design,Which are CSS grid properties?,grid-template-columns,grid-gap,grid-border,grid-template-rows,"A,B,D"
Web Design,Which are valid link pseudo-classes?,:link,:visited,:clicked,:hover,"A,B,D"
Web Design,Which are CSS flexbox properties?,justify-content,align-items,flex-border,flex-direction,"A,B,D"
Web Design,Which improve SEO?,Meta descriptions,Heading tags,Pop-ups,Semantic markup,"A,B,D"
Web Design,Which are valid CSS overflow values?,hidden,scroll,visible,auto,"A,B,D"
Web Design,Which are CSS border properties?,border-width,border-style,border-size,border-color,"A,B,D"
Web Design,Which are JavaScript frameworks?,Angular,React,CSS,Vue,"A,B,D"
Web Design,Which are CSS text properties?,text-decoration,text-transform,text-compile,text-align,"A,B,D"
Web Design,Which are valid HTML list types?,Ordered lists,Unordered lists,Compiled lists,Definition lists,"A,B,D"
Web Design,Which CSS properties affect visibility?,opacity,visibility,display,hidden,"A,B,C"
Web Design,Which are CSS shadow properties?,box-shadow,text-shadow,border-shadow,drop-shadow,"A,B,D"
Web Design,Which validate HTML forms?,required attribute,pattern attribute,validate attribute,type attribute,"A,B,D"
Web Design,Which are valid viewport units?,vw,vh,vx,vmin,"A,B,D"
Web Design,Which are CSS filter effects?,blur(),brightness(),compile(),grayscale(),"A,B,D"
Web Design,Which are valid image formats for web?,JPEG,PNG,EXE,SVG,"A,B,D"
Web Design,Which are CSS length units?,px,em,pt,rem,"A,B,D"
Web Design,Which JavaScript methods manipulate arrays?,push(),pop(),compile(),slice(),"A,B,D"
Web Design,Which are valid CSS cursor values?,pointer,default,hand,crosshair,"A,B,D"
Web Design,Which are web storage options?,localStorage,sessionStorage,fileStorage,cookies,"A,B,D"
Web Design,Which are CSS typography properties?,line-height,letter-spacing,word-spacing,text-compile,"A,B,C"
Esports,Which heroes are classified as Marksman in Mobile Legends?,Layla,Tigreal,Clint,Balmond,"A,C"
Esports,Which items provide physical penetration in Mobile Legends?,Malefic Roar,Hunter Strike,Blade of Despair,Demon Hunter Sword,"A,B"
Esports,Which heroes have crowd control skills in Mobile Legends?,Aurora,Miya,Franco,Eudora,"A,C,D"
Esports,Which are tank emblem talents in Mobile Legends?,Tenacity,Brave Smite,Pull Yourself Together,Concussive Blast,"A,B"
Esports,Which heroes can jungle effectively in Mobile Legends?,Fanny,Lancelot,Rafaela,Ling,"A,B,D"
Esports,Which items provide magic resistance in Mobile Legends?,Athena's Shield,Oracle,Brute Force Breastplate,Radiant Armor,"A,B,D"
Esports,Which heroes are assassins in Mobile Legends?,Gusion,Harley,Karina,Alucard,"A,C"
Esports,Which battlespells provide mobility in Mobile Legends?,Flicker,Execute,Sprint,Retribution,"A,C"
Esports,Which heroes are mages in Mobile Legends?,Kagura,Cyclops,Zilong,Nana,"A,B,D"
Esports,Which items give critical strike chance in Mobile Legends?,Scarlet Phantom,Berserker's Fury,Endless Battle,Windtalker,"A,B,D"
Esports,Which heroes have global ultimate skills in Mobile Legends?,Johnson,Natalia,Atlas,Pharsa,"A,C"
Esports,Which items provide spell vamp in Mobile Legends?,Concentrated Energy,Blood Wings,Calamity Reaper,Lightning Truncheon,"A,B"
Esports,Which heroes are fighters in Mobile Legends?,Chou,Freya,Lapu-Lapu,Selena,"A,B,C"
Esports,Which items increase attack speed in Mobile Legends?,Golden Staff,Corrosion Scythe,Windtalker,Haas's Claws,"A,B,C"
Esports,Which heroes can teleport in Mobile Legends?,Fanny,Wanwan,Benedetta,Ling,"B,C"
Esports,Which emblems are best for marksmen in Mobile Legends?,Marksman Emblem,Assassin Emblem,Support Emblem,Tank Emblem,"A,B"
Esports,Which heroes have shield abilities in Mobile Legends?,Lolita,Atlas,Khufra,Ruby,"A,B,C"
Esports,Which items provide lifesteal in Mobile Legends?,Haas's Claws,Endless Battle,Festival of Blood,Bloodlust Axe,"A,B,D"
Esports,Which heroes are supports in Mobile Legends?,Estes,Diggie,Mathilda,Lesley,"A,B,C"
Esports,Which battlespells can deal damage in Mobile Legends?,Execute,Vengeance,Flameshot,Aegis,"A,B,C"
Esports,Which heroes have blink skills in Mobile Legends?,Hayabusa,Gusion,Kadita,Harley,"A,B,D"
Esports,Which items provide movement speed in Mobile Legends?,Rapid Boots,Magic Shoes,Swift Boots,Tough Boots,"A,C"
Esports,Which heroes can summon units in Mobile Legends?,Popol and Kupa,Nana,Yve,Vexana,"A,B,D"
Esports,Which items are core for tanks in Mobile Legends?,Cursed Helmet,Antique Cuirass,Dominance Ice,Twilight Armor,"A,B,C,D"
Esports,Which heroes excel at split pushing in Mobile Legends?,Sun,Zilong,Masha,Fanny,"A,B,C"
Esports,Which game modes are ranked in Mobile Legends?,Classic,Rank,Brawl,Magic Chess,"B,D"
Esports,Which heroes have resurrection abilities in Mobile Legends?,Faramis,Rafaela,Alice,Estes,"A,B"
Esports,Which items counter high HP enemies in Mobile Legends?,Demon Hunter Sword,Malefic Roar,Divine Glaive,Hunter Strike,"A,C"
Esports,Which heroes are meta in season patches for Mobile Legends?,Arlott,Fredrinn,Joy,Beatrix,"A,B,C,D"
Esports,Which roles are essential in team composition for Mobile Legends?,Tank,Marksman,Mage,Jungler,"A,B,C,D"
Esports,Which weapons are assault rifles in CODM?,M4,DL Q33,AK-47,KN-44,"A,C,D"
Esports,Which perks increase movement speed in CODM?,Lightweight,Agile,Dead Silence,Hardline,"A,B"
Esports,Which are sniper rifles in CODM?,DL Q33,Locus,Type 25,Outlaw,"A,B,D"
Esports,Which scorestreaks require high points in CODM?,UAV,Stealth Chopper,VTOL,Counter UAV,"B,C"
Esports,Which weapons are SMGs in CODM?,QQ9,RUS-79U,M4,Fennec,"A,B,D"
Esports,Which attachments improve accuracy in CODM?,Foregrip,Red Dot Sight,Tactical Laser,Monolithic Suppressor,"A,C"
Esports,Which game modes are ranked in CODM?,Team Deathmatch,Search and Destroy,Domination,Battle Royale,"B,C"
Esports,Which perks reduce explosive damage in CODM?,Flak Jacket,Trophy System,Toughness,Engineer,"A,B"
Esports,Which weapons are shotguns in CODM?,BY15,KRM 262,Striker,Chicom,"A,B,C"
Esports,Which attachments extend range in CODM?,Monolithic Suppressor,Extended Barrel,Tactical Suppressor,Long Shot,"A,B"
Esports,Which tactical equipment provides vision in CODM?,UAV,Smoke Grenade,Flash Grenade,Heartbeat Sensor,"A,D"
Esports,Which perks are red perks in CODM?,Lightweight,Agile,Ghost,Skulker,"A,B"
Esports,Which weapons are LMGs in CODM?,Chopper,RPD,UL736,ICR-1,"A,B,C"
Esports,Which maps are popular in ranked CODM?,Crash,Standoff,Nuketown,Shipment,"A,B,C"
Esports,Which optics provide zoom in CODM?,3x Tactical Scope,Red Dot Sight,Holographic Sight,6x Tactical Scope,"A,D"
Esports,Which scorestreaks provide aerial support in CODM?,Stealth Chopper,VTOL,Predator Missile,Sentry Gun,"A,B,C"
Esports,Which weapons have burst fire mode in CODM?,M16,Pharo,Chicom,Type 25,"A,B,C"
Esports,Which perks reveal enemy equipment in CODM?,Engineer,Alert,Hard Wired,Tracker,"A,B"
Esports,Which lethal equipment are throwables in CODM?,Frag Grenade,Thermite,Trip Mine,Sticky Grenade,"A,B,D"
Esports,Which attachments reduce recoil in CODM?,Foregrip,Compensator,Strike Foregrip,Operator Foregrip,"A,B,C,D"
C++,Which are valid C++ loop structures?,for,while,foreach,do-while,"A,B,D"
C++,Which are access specifiers in C++?,public,private,friend,protected,"A,B,D"
C++,Which are valid C++ data types?,int,float,double,string,"A,B,C"
C++,Which headers are part of C++ STL?,iostream,vector,algorithm,map,"A,B,C,D"
C++,Which operators are relational in C++?,==,!=,>=,&&,"A,B,C"
C++,Which are valid ways to declare pointers in C++?,int* ptr,int *ptr,int * ptr,int ptr*,"A,B,C"
C++,Which containers are sequence containers in C++?,vector,map,deque,list,"A,C,D"
C++,Which keywords are used for exception handling in C++?,try,catch,throw,finally,"A,B,C"
C++,Which are storage classes in C++?,auto,static,extern,register,"A,B,C,D"
C++,Which functions are string manipulation in C++?,strlen,strcpy,strcat,printf,"A,B,C"
C++,Which are valid function return types in C++?,void,int,char*,bool,"A,B,C,D"
C++,Which are bitwise operators in C++?,&,|,^,<<,"A,B,C,D"
C++,Which STL algorithms sort elements?,sort,stable_sort,partial_sort,reverse,"A,B,C"
C++,Which are object-oriented concepts in C++?,Encapsulation,Polymorphism,Inheritance,Compilation,"A,B,C"
C++,Which are valid ways to pass parameters in C++?,Pass by value,Pass by reference,Pass by pointer,Pass by array,"A,B,C"
C++,Which preprocessor directives are commonly used in C++?,#include,#define,#ifdef,#pragma,"A,B,C,D"
C++,Which are dynamic memory allocation functions in C++?,new,malloc,delete,free,"A,C"
C++,Which are valid constructor types in C++?,Default,Parameterized,Copy,Destructor,"A,B,C"
C++,Which operators can be overloaded in C++?,+,-,sizeof,=,"A,B,D"
C++,Which are associative containers in C++?,map,set,list,unordered_map,"A,B,D"
C++,Which modifiers affect variable storage in C++?,const,volatile,mutable,static,"A,B,C,D"
C++,Which are valid ways to initialize arrays in C++?,int arr[5],int arr[] = {1},int arr[5] = {},int *arr = new int[5],"A,B,C,D"
C++,Which are stream classes in C++?,ifstream,ofstream,fstream,iostream,"A,B,C,D"
C++,Which are valid inheritance types in C++?,public,private,protected,friend,"A,B,C"
C++,Which are logical operators in C++?,&&,||,!,&,"A,B,C"
C++,Which STL containers use hashing?,unordered_map,map,unordered_set,set,"A,C"
C++,Which are valid template types in C++?,Function template,Class template,Variable template,Namespace template,"A,B,C"
C++,Which are jump statements in C++?,break,continue,goto,return,"A,B,C,D"
C++,Which are valid cast operators in C++?,static_cast,dynamic_cast,const_cast,reinterpret_cast,"A,B,C,D"
C++,Which functions are memory manipulation in C++?,memcpy,memset,memmove,malloc,"A,B,C"
C++,Which are smart pointers in C++11?,unique_ptr,shared_ptr,weak_ptr,auto_ptr,"A,B,C"
C++,Which are valid namespaces in standard C++?,std,iostream,string,vector,"A"
C++,Which are compound assignment operators in C++?,+=,-=,*=,==,"A,B,C"
C++,Which are valid variable scopes in C++?,Local,Global,Block,Class,"A,B,C,D"
C++,Which are input/output manipulators in C++?,endl,setw,setprecision,flush,"A,B,C,D"
C++,Which keywords define class members in C++?,class,struct,union,enum,"A,B,C"
C++,Which are unary operators in C++?,++,--,!,sizeof,"A,B,C,D"
C++,Which are valid iterator types in C++?,forward_iterator,random_access_iterator,bidirectional_iterator,circular_iterator,"A,B,C"
C++,Which algorithms search for elements in C++?,find,binary_search,search,count,"A,B,C,D"
C++,Which are valid specifiers for class members in C++?,static,const,virtual,abstract,"A,B,C"
C++,Which are valid polymorphism types in C++?,Compile-time,Runtime,Function overloading,Operator overloading,"A,B,C,D"
C++,Which are valid ways to handle files in C++?,open(),close(),read(),write(),"A,B,C,D"
C++,Which are standard exception classes in C++?,runtime_error,logic_error,bad_alloc,overflow_error,"A,B,C,D"
C++,Which are valid lambda capture modes in C++?,By value,By reference,By pointer,By copy,"A,B"
C++,Which are valid ways to define constants in C++?,const,#define,enum,constexpr,"A,B,C,D"
C++,Which containers provide random access in C++?,vector,deque,array,list,"A,B,C"
C++,Which are valid function qualifiers in C++?,const,static,inline,virtual,"A,B,C,D"
C++,Which are arithmetic operators in C++?,+,-,*,&,"A,B,C"
C++,Which keywords are used for type checking in C++?,typeid,sizeof,decltype,typeof,"A,B,C"
C++,Which are valid destructor properties in C++?,No return type,Same name as class,Can be virtual,Cannot be overloaded,"A,B,C,D"
C,Which are valid C data types?,int,float,bool,double,"A,B,D"
C,Which are storage classes in C?,auto,static,extern,register,"A,B,C,D"
C,Which are valid loop structures in C?,for,while,until,do-while,"A,B,D"
C,Which are standard input/output functions in C?,printf,scanf,getchar,cin,"A,B,C"
C,Which operators are relational in C?,==,!=,<=,&&,"A,B,C"
C,Which are valid ways to declare arrays in C?,int arr[10],int arr[],int *arr,int arr(),"A,B,C"
C,Which are preprocessor directives in C?,#include,#define,#ifdef,#pragma,"A,B,C,D"
C,Which are string manipulation functions in C?,strlen,strcpy,strcat,strcmp,"A,B,C,D"
C,Which are valid pointer operations in C?,Addition,Subtraction,Multiplication,Comparison,"A,B,D"
C,Which are memory allocation functions in C?,malloc,calloc,realloc,free,"A,B,C,D"
C,Which are bitwise operators in C?,&,|,^,~,"A,B,C,D"
C,Which are valid format specifiers in C?,%d,%f,%c,%s,"A,B,C,D"
C,Which are jump statements in C?,break,continue,goto,return,"A,B,C,D"
C,Which are logical operators in C?,&&,||,!,&,"A,B,C"
C,Which headers are standard in C?,stdio.h,stdlib.h,string.h,iostream.h,"A,B,C"
C,Which are valid variable scopes in C?,Local,Global,Static,Block,"A,B,C,D"
C,Which are arithmetic operators in C?,+,-,*,%,"A,B,C,D"
C,Which are valid type qualifiers in C?,const,volatile,restrict,static,"A,B,C"
C,Which are valid file operations in C?,fopen,fclose,fread,fwrite,"A,B,C,D"
C,Which are comparison functions in C?,strcmp,memcmp,strncmp,strcoll,"A,B,C,D"
C,Which are valid escape sequences in C?,\n,\t,\0,\\,"A,B,C,D"
C,Which are character handling functions in C?,isdigit,isalpha,toupper,tolower,"A,B,C,D"
C,Which are valid ways to pass arrays to functions in C?,int arr[],int *arr,int arr[10],int &arr,"A,B,C"
C,Which are mathematical functions in C?,sqrt,pow,abs,ceil,"A,B,C,D"
C,Which are valid pointer types in C?,int*,char*,void*,float*,"A,B,C,D"
C,Which are compound assignment operators in C?,+=,-=,*=,/=,"A,B,C,D"
C,Which are valid struct operations in C?,Declaration,Initialization,Member access,Pointer access,"A,B,C,D"
C,Which are valid file modes in C?,r,w,a,b,"A,B,C,D"
C,Which are increment operators in C?,++,--,+=,-=,"A,B"
C,Which are valid union properties in C?,Shares memory,Multiple members,One active member,Type safety,"A,B,C"
C,Which are valid enum characteristics in C?,Integer constants,Named values,Type safety,Sequential values,"A,B,D"
C,Which are standard library functions for conversion in C?,atoi,atof,itoa,strtol,"A,B,D"
C,Which are valid ways to initialize pointers in C?,int *p = NULL,int *p = 0,int *p = &var,int *p = malloc(),"A,B,C,D"
C,Which are memory manipulation functions in C?,memcpy,memset,memmove,memcmp,"A,B,C,D"
C,Which are valid conditional operators in C?,?,&&,||,:,"A,D"
C,Which are valid ways to define constants in C?,#define,const,enum,static,"A,B,C"
C,Which are valid function return types in C?,void,int,float,struct,"A,B,C,D"
C,Which are valid specifiers for variables in C?,signed,unsigned,short,long,"A,B,C,D"
C,Which are standard error handling functions in C?,perror,strerror,errno,ferror,"A,B,D"
C,Which are valid ways to declare functions in C?,Function prototype,Function definition,Inline function,Static function,"A,B,C,D"
C,Which are valid array initialization methods in C?,int a[] = {1},int a[5] = {},int a[3] = {1}},int a[2],"A,B,D"
C,Which operators have side effects in C?,++,--,=,==,"A,B,C"
C,Which are valid type casting methods in C?,(int),static_cast,Implicit,Explicit,"A,C,D"
C,Which are valid macro types in C?,Object-like,Function-like,Predefined,Conditional,"A,B,C,D"
C,Which are valid buffer functions in C?,setbuf,setvbuf,fflush,getbuf,"A,B,C"
C,Which are valid time functions in C?,time,clock,difftime,strftime,"A,B,C,D"
C,Which are valid ways to handle errors in C?,Return codes,errno,Assertions,Signals,"A,B,C,D"
C,Which are sequence point operators in C?,&&,||,comma,semicolon,"A,B,C,D"
C,Which are valid variable declaration keywords in C?,int,float,auto,register,"A,B,C,D"
C,Which are valid ways to exit a program in C?,exit(),return,abort(),_Exit(),"A,B,C,D"

